,detailLink,directors,rate,title,casts,cover,year,types,country,lang,time,movieTime,comment_len,starts,summary,comments,imgList,movieUrl
0,https://movie.douban.com/subject/27195020/,"郑伟文,陈家霖",7.7,陈情令,"肖战,王一博,孟子义,宣璐,于斌",https://img9.doubanio.com/view/photo/s_ratio_poster/public/p2563766934.jpg,2019,"剧情,古装",中国大陆,汉语普通话,2019-06-27,41,1698490,"44.8%,25.8%,11.9%,3.8%,13.6%",十六年前，天下五分，姑苏蓝氏，云梦江氏，清河聂氏，岐山温氏，兰陵金氏共治天下。温氏一家独大，其余四家均受其苦。众家青年中，江氏故人之子魏无羡性格开朗，和以雅正闻名的姑苏蓝氏弟子蓝忘机相识并引为知己。一次偶然的机会，二人发现了蓝氏一直以来守护的秘密，二人继承遗志，为苍生消除隐患。但没想到一切的幕后黑手正是温氏家主温若寒。众家不堪其辱，合力讨伐温氏。温氏覆灭后，魏无羡却为保护温氏无辜之人不惜与众家对立，最终被奸人所害酿成大祸，误害师姐江厌离，自己也不知所踪。十六年后，消失已久的魏无羡出现在莫家庄，偶遇故人蓝忘机。莫家庄一桩桩诡异的凶案显得扑朔迷离。随着真相一步步揭开，身处幕后的金光瑶渐渐难以隐藏。最后金光瑶身死，蓝忘机承担起了匡扶天下的使命，而魏无羡不忘初心，最终潇洒世间。,"[{""user"": ""\u672a\u68a6\u521d\u884c"", ""start"": ""50"", ""time"": ""2019-06-27 20:11:31"", ""content"": ""\u8096\u6218\u6f14\u6280\u4e0d\u9519\u554a\uff0c\u5267\u60c5\u6539\u7f16\u5408\u7406\uff0c\u539f\u8457\u515a\u8868\u793a\u5f88\u6ee1\u610f\uff01""}, {""user"": ""\u6709\u4e00\u53ea\u5c0f\u9c7c\u513f"", ""start"": ""20"", ""time"": ""2019-06-27 21:07:19"", ""content"": ""\u679c\u7136\u662f\u7f51\u5267\u6210\u672c\uff0c\u7c97\u7cd9\u5f97\u5f88\uff0c\u6f14\u6280\u5c34\u5c2c\uff0c\u6491\u4e0d\u8d77\u5185\u5bb9\u3002\u7b97\u4e86\uff0c88""}, {""user"": ""\u5357\u886b"", ""start"": ""50"", ""time"": ""2019-06-27 20:10:04"", ""content"": ""\u770b\u5b8c\u7b2c\u4e00\u96c6\u771f\u9999\uff01\u53ea\u8981\u6e29\u60c5\u4e0d\u52a0\u620f\uff01\u6211\u8fd8\u662f\u53ef\u4ee5\u7684\uff01""}, {""user"": ""\u8bb8\u4e45\u4e0b\u3002"", ""start"": ""50"", ""time"": ""2019-06-27 23:16:24"", ""content"": ""\u8272\u8c03\u504f\u84dd\u9ad8\u7aef\u5927\u6c14\uff0c\u76ae\u80a4\u4e5f\u5f88\u6709\u8d28\u611f\u4e0d\u6cb9\u817b\u3002\u4eba\u7269\u9020\u578b\u4e3a\u4ec0\u4e48\u5934\u53d1\u4e00\u70b9\u4e5f\u4e0d\u987a\u6ed1\uff0c\u611f\u89c9\u5f88\u6bdb\u8e81\u3002\uff1f\uff1f\u5bf9\u8096\u6218\u767e\u5206\u767e\u6ee1\u610f\uff01\uff01\u5929\u554a\uff01\u90a3\u4e48\u53ef\u7231\u4f1a\u548c\u84dd\u6e5b\u6492\u5a07\uff01\u770b\u524d8\u96c6\u5bf9\u738b\u4e00\u535a\u6bd4\u8f83\u5931\u671b\u7684\uff0c\u53cc\u76ee\u65e0\u795e\u9762\u76ee\u762b\u75ea\u3002\u770b\u5b8c134\uff01\u5c3c\u739b\u8fd9\u662f\u4ec0\u4e48\u795e\u4ed9\u4e00\u6837\u7684\u7537\u5b50\uff01\u6211\u5f53\u521d\u4e00\u5b9a\u662f\u778e\u4e86\uff01\u592a\u9999\u4e86\uff01\u738b\u4e00\u535a\u5c31\u662f\u84dd\u6e5b\u672c\u4eba\u6ca1\u9519\u4e86\uff01\u6f14\u7684\u592a\u597d\u4e86\uff01\u539f\u8457\u515a\u697c\u4e0b\u4e86\u6fc0\u52a8\u7684\u6cea\u6c34\uff01""}, {""user"": ""KiKi"", ""start"": ""10"", ""time"": ""2019-06-27 20:04:51"", ""content"": ""\u4e0e\u539f\u8457\u60c5\u8282\u4e0d\u7b26\u5408\uff0c\u539f\u8457\u515a\u8868\u793a\u5f88\u96be\u53d7""}]","https://img2.doubanio.com/view/photo/sqxs/public/p2527086612.jpg,https://img1.doubanio.com/view/photo/sqxs/public/p2560920669.jpg,https://img9.doubanio.com/view/photo/sqxs/public/p2560920686.jpg,https://img1.doubanio.com/view/photo/sqxs/public/p2527086590.jpg,https://img1.doubanio.com/view/photo/sqxs/public/p2562811758.jpg",0
1,https://movie.douban.com/subject/1291561/,宫崎骏,9.4,千与千寻,"柊瑠美,入野自由,夏木真理,菅原文太,中村彰男",https://img1.doubanio.com/view/photo/s_ratio_poster/public/p2557573348.jpg,2001,"剧情,动画,奇幻",,日本,2019-06-21,125,2203784,"73.4%,23.0%,3.3%,0.2%,0.1%","千寻和爸爸妈妈一同驱车前往新家，在郊外的小路上不慎进入了神秘的隧道——他们去到了另外一个诡异世界—一个中世纪的小镇。远处飘来食物的香味，爸爸妈妈大快朵颐，孰料之后变成了猪！这时小镇上渐渐来了许多样子古怪、半透明的人。
                                    
                                　　千寻仓皇逃出，一个叫小白的人救了他，喂了她阻止身体消 失的药，并且告诉她怎样去找锅炉爷爷以及汤婆婆，而且必须获得一份工作才能不被魔法变成别的东西。
                                    
                                　　千寻在小白的帮助下幸运地获得了一份在浴池打杂的工作。渐渐她不再被那些怪模怪样的人吓倒，并从小玲那儿知道了小白是凶恶的汤婆婆的弟子。
                                    
                                　　一次，千寻发现小白被一群白色飞舞的纸人打伤，为了救受伤的小白，她用河神送给她的药丸驱出了小白身体内的封印以及守封印的小妖精，但小白还是没有醒过来。
                                    
                                　　为了救小白，千寻又踏上了她的冒险之旅。","[{""user"": ""zing"", ""start"": ""50"", ""time"": ""2008-03-07 14:00:22"", ""content"": ""\u6bcf\u6b21\u770b\u8fd9\u4e9b\u795e\u4f5c\u7684\u65f6\u5019\u60f3\u5230\u8fd9\u662f\u52a8\u753b\u7247\u8fd9\u662f\u4e00\u7fa4\u725b\u4eba\u4e00\u7b14\u4e00\u7b14\u753b\u51fa\u6765\u7684,\u5c31\u89c9\u5f97\u6f0f\u770b\u6389\u4e00\u5e27\u90fd\u5b9e\u5728\u662f\u5bf9\u4e0d\u8d77\u4ed6\u4eec\u554a""}, {""user"": ""DFG F\u597d\uff1b\uff1a\u300a3"", ""start"": ""50"", ""time"": ""2006-10-12 16:19:42"", ""content"": ""\u4e0d\u52aa\u529b\u5de5\u4f5c\u4f1a\u53d8\u6210\u732a""}, {""user"": ""mon babe"", ""start"": ""40"", ""time"": ""2008-12-22 22:28:54"", ""content"": ""\u6709\u90a3\u4e48\u90a3\u4e48\u7ecf\u5178\u5417\uff1f\u8fd8\u662f\u6211\u8001\u4e86\uff1f""}, {""user"": ""\u6696\u9c7c"", ""start"": ""40"", ""time"": ""2006-12-04 18:07:23"", ""content"": ""\u4e00\u4e2a\u5bfb\u627e\u81ea\u6211\u6216\u8005\u81ea\u6211\u590d\u82cf\u7684\u8fc7\u7a0b""}, {""user"": ""\u5c0f\u6657\u8981\u5f53\u9526\u9ca4"", ""start"": ""40"", ""time"": ""2018-01-27 22:34:59"", ""content"": ""\u5bab\u5d0e\u9a8f\u6ca1\u6709\u8fea\u65af\u5c3c\u90a3\u4e48\u82b1\u54e8 \u751a\u81f3\u6709\u4e9b\u843d\u4f0d \u76f4\u5230\u73b0\u5728 \u4ed6\u8fd8\u575a\u6301\u7528\u624b\u5de5\u7ed8\u753b\u800c\u4e0d\u662f\u7535\u8111\u7ed8\u56fe\u6765\u5b8c\u6210\u81ea\u5df1\u7684\u5361\u901a\u7247 \u4f46\u4ed6\u61c2\u5f97\u4e00\u90e8\u5361\u901a\u7247 \u6216\u8005\u4e00\u90e8\u5f71\u7247 \u5e94\u8be5\u7528\u4ec0\u4e48\u53bb\u6253\u52a8\u522b\u4eba \u6240\u4ee5 \u5bab\u5d0e\u9a8f\u7b14\u4e0b\u7684\u5f62\u8c61\u662f\u4e00\u4e2a\u4e2a\u4eba \u800c\u4e0d\u662f\u4e00\u4e2a\u4e2a\u6ca1\u6709\u77e5\u89c9\u7684\u5361\u901a\u5f62\u8c61 ""}]","https://img9.doubanio.com/view/photo/sqxs/public/p2512318945.jpg,https://img9.doubanio.com/view/photo/sqxs/public/p2563777035.jpg",https://vt1.doubanio.com/202305091642/efc1460b0e5f3e881a8aea3134e2500f/view/movie/M/402480761.mp4
2,https://movie.douban.com/subject/26752088/,文牧野,9.0,我不是药神,"徐峥,王传君,周一围,谭卓,章宇",https://img9.doubanio.com/view/photo/s_ratio_poster/public/p2561305376.jpg,2018,"剧情,喜剧",中国大陆,"汉语普通话,英语,上海话,印地语",2018-07-05,117,2065772,"58.7%,33.7%,6.9%,0.5%,0.2%","普通中年男子程勇（徐峥 饰）经营着一家保健品店，失意又失婚。不速之客吕受益（王传君 饰）的到来，让他开辟了一条去印度买药做“代购”的新事业，虽然困难重重，但他在这条“买药之路”上发现了商机，一发不可收拾地做起了治疗慢粒白血病的印度仿制药独家代理商。赚钱的同时，他也认识了几个病患及家属，为救女儿被迫做舞女的思慧（谭卓 饰）、说一口流利“神父腔”英语的刘牧师（杨新鸣 饰），以及脾气暴烈的“黄毛”（章宇 饰），几个人合伙做起了生意，利润倍增的同时也危机四伏。程勇昔日的小舅子曹警官（周一围 饰）奉命调查仿制药的源头，假药贩子张长林（王砚辉 饰）和瑞士正牌医药代表（李乃文 饰）也对其虎视眈眈，生意逐渐变成了一场关于救赎的拉锯战。
                                    
                                　　本片改编自慢粒白血病患者陆勇代购抗癌药的真实事迹。","[{""user"": ""\u5f90\u82e5\u98ce"", ""start"": ""40"", ""time"": ""2018-06-06 15:57:09"", ""content"": ""\u653e\u5728\u8c46\u74e3\u8bed\u5883\u4e0b\uff0c\u662f\u90e8\u65f6\u81f3\u4eca\u65e5\u7ec8\u4e8e\u62cd\u51fa\u6765\u7684\u56fd\u4ea7\u201c\u9ad8\u5206\u97e9\u56fd\u7535\u5f71\u201d\u3002\u62ff\u73b0\u5b9e\u9898\u6750\u62cd\u5546\u4e1a\u7c7b\u578b\u7247\uff0c\u793e\u4f1a\u610f\u4e49\u6446\u5728\u90a3\uff0c\u7fa4\u620f\u4e5f\u5904\u7406\u5f97\u76f8\u5f53\u4e0d\u9519\u3002\u5bf9\u6211\u4eec\u56fd\u5bb6\u800c\u8a00\uff0c\u8fd9\u6837\u7684\u7535\u5f71\u591a\u4e00\u90e8\u662f\u4e00\u90e8\uff0c\u8d70\u4e00\u6b65\u662f\u4e00\u6b65\u3002""}, {""user"": ""\u6c90\u5b50\u8352"", ""start"": ""50"", ""time"": ""2018-07-03 22:37:38"", ""content"": ""\u738b\u4f20\u541b\u6240\u6709\u4e0d\u88ab\u5916\u4eba\u7406\u89e3\u7684\u575a\u6301\uff0c\u90fd\u5728\u8fd9\u4e00\u523b\u5f97\u5230\u4e86\u5b8c\u7f8e\u91ca\u653e\u3002\u4ed6\u4e0d\u662f\u5173\u8c37\u795e\u5947\uff0c\u4ed6\u662f\u738b\u4f20\u541b\u3002\n\u4f60\u770b\uff0c\u5373\u4f7f\u4f9d\u65e7\u70c2\u7247\u5982\u4e91\uff0c\u53ea\u8981\u8fd8\u6709\u54ea\u6015\u6781\u5c11\u7684\u4eba\u575a\u6301\uff0c\u4e2d\u56fd\u5f71\u89c6\u4e5f\u7ec8\u4e8e\u8fd8\u662f\u4ece\u4e2d\u751f\u51fa\u4e86\u8301\u58ee\u7684\u6839\u3002\n\u6211\u4e0d\u662f\u836f\u795e\uff0c\u6cbb\u4e0d\u597d\u8fd9\u4e16\u754c\u3002\u4f46\u80fd\u6539\u53d8\u4e00\u70b9\uff0c\u603b\u5f52\u662f\u4f1a\u597d\u7684\u3002""}, {""user"": ""\u671d\u66ae\u96ea"", ""start"": ""50"", ""time"": ""2018-06-30 17:40:18"", ""content"": ""\u8fd9\u4e0d\u662f\u201c\u4e2d\u56fd\u7248\u300a\u8fbe\u62c9\u65af\u4e70\u5bb6\u4ff1\u4e50\u90e8\u300b\u201d\uff0c\u8fd9\u662f\u4e2d\u56fd\u7684\u771f\u5b9e\u4e8b\u4ef6\u6539\u7f16\u7684\u4e2d\u56fd\u7535\u5f71\uff0c\u662f\u5c5e\u4e8e\u6211\u4eec\u81ea\u5df1\u7684\u7535\u5f71\uff0c\u4e0d\u77e5\u9053\u5c31\u53bb\u767e\u5ea6\u4e00\u4e0b\u201c\u9646\u52c7\u201d\u3002""}, {""user"": ""\u5f00\u5f00kerguelen"", ""start"": ""50"", ""time"": ""2018-07-04 21:00:31"", ""content"": ""\u5c0f\u65f6\u5019\u8def\u8fc7\u4e00\u5bb6\u836f\u5e97\uff0c\u95e8\u53e3\u7684\u5bf9\u8054\u5199\u7740\u201c\u53ea\u613f\u4e16\u95f4\u65e0\u75be\u75c5\uff0c\u4f55\u6101\u67b6\u4e0a\u836f\u67d3\u5c18\u201d""}, {""user"": ""\u4e03\u6d77"", ""start"": ""50"", ""time"": ""2018-06-30 19:28:36"", ""content"": ""\u6587\u7267\u91ce\u773c\u775b\u592a\u6bd2\u4e86\uff0c\u89c2\u4f17\u7684\u7b11\u70b9\u3001\u6cea\u70b9\u3001\u75db\u70b9\u88ab\u4ed6\u7262\u7262\u6293\u4f4f\uff0c\u5f90\u5ce5\u73b0\u5728\u4e0d\u62fc\u6f14\u6280\u5f00\u59cb\u638f\u5fc3\u70b8\u80ba\u653e\u8131\u81ea\u6211\u4e86\uff0c\u836f\u7269\u5728\u4e2d\u56fd\u7edd\u5bf9\u662f\u4e2a\u201c\u4e0d\u53ef\u8bf4\u201d\uff0c\u4f46\u8fd9\u4e2a\u7535\u5f71\u8bf4\u4e86\u5b83\u80fd\u8bf4\u7684\uff0c\u4e5f\u4e0d\u663e\u5c71\u4e0d\u6f0f\u6c34\u7684\u8bf4\u4e86\u5b83\u6240\u4e0d\u80fd\u8bf4\u7684\uff0c\u8bb2\u7684\u662f\u73b0\u5b9e\uff0c\u4f46\u770b\u8fc7\u7535\u5f71\u4e4b\u540e\u624d\u4f1a\u660e\u767d\u5176\u5b9e\u662f\u8d85\u73b0\u5b9e\uff0c2018\u6700\u4f73!""}]","https://img2.doubanio.com/view/photo/sqxs/public/p2527182531.jpg,https://img1.doubanio.com/view/photo/sqxs/public/p2523632239.jpg",https://vt1.doubanio.com/202305091642/9ff388adf5e77a2f6c3b664378da8184/view/movie/M/402330315.mp4
3,https://movie.douban.com/subject/33447642/,陈奕甫,9.0,沉默的真相,"廖凡,白宇,谭卓,宁理,黄尧",https://img2.doubanio.com/view/photo/s_ratio_poster/public/p2620780603.jpg,2020,"剧情,悬疑,犯罪",中国大陆,汉语普通话,2020-09-16,61,860376,"61.5%,30.3%,7.4%,0.7%,0.2%","一起看似简单的自杀案, 背后隐藏着一个不可告人的巨大秘密; 为了揭开这个秘密, 一群人历经七载, 付出无数代价, 甚至赌上性命……一个曾有大好前途，四平八稳的检察官江阳，但因受贿贪污，坐牢三年，再次出现在公众视野里竟是他出现在行李箱里的蜷缩的尸体；运送他尸体的当地著名律师张超。此案引发全市关注，刑警严良介入负责此案，与张超正面交锋。张超承认犯罪，却在接受法院宣判时当场翻供，并拿出不在场证据，案件陷入死局。","[{""user"": ""\u82b8\u7247\u84b8\u7cd5"", ""start"": ""50"", ""time"": ""2020-09-17 23:00:47"", ""content"": ""\u201c\u5728\u4e09\u4e2a\u65f6\u7a7a\u91cc\uff0c\u4ed6\u4eec\u90fd\u9009\u62e9\u4e86\u5411\u524d\u3002\u201d""}, {""user"": ""\u3064 \u2764 \u2282"", ""start"": ""50"", ""time"": ""2020-09-18 14:29:10"", ""content"": ""\u6c5f\u9633\u7528\u4e86\u4e09\u5206\u4e4b\u4e00\u7684\u4eba\u751f\uff0c\u628a\u81ea\u5df1\u4ece\u610f\u6c14\u98ce\u53d1\u7684\u68c0\u5bdf\u5b98\u53d8\u6210\u884c\u674e\u7bb1\u91cc\u7684\u4e00\u6761\u7ebf\u7d22\u3002\u4ed6\u751f\u524d\u662f\u4e00\u675f\u88ab\u538b\u5236\u7684\u5149\uff0c\u6380\u5f00\u7bb1\u76d6\u7684\u90a3\u4e00\u523b\u7ec8\u4e8e\u91cd\u89c1\u5929\u65e5\u3002""}, {""user"": ""\u6e38\u8d70\u6c5f\u6e56"", ""start"": ""50"", ""time"": ""2020-09-16 20:26:38"", ""content"": ""\u628a\u674e\u4e30\u7530\u725b\u903c\u6253\u5728\u516c\u5c4f\u4e0a\uff01\u770b\u5b8c\u4e86\u5267\uff0c\u518d\u628a\u5bfc\u6f14\u7f16\u5267\u548c\u6240\u6709\u6f14\u5458\u725b\u903c\u6253\u5728\u516c\u5c4f\u4e0a\uff0c\u6c89\u9ed8\u7684\u771f\u76f8\uff0c\u7ad9\u7740\u8fc7\u5ba1\u7684\uff01\u725b\u903c\uff01""}, {""user"": ""\u671d\u66ae\u96ea"", ""start"": ""40"", ""time"": ""2020-09-18 17:34:10"", ""content"": ""\u4e00\u5f00\u59cb\uff0c\u6c5f\u9633\u4e0d\u613f\u610f\u66ff\u4faf\u8d35\u5e73\u7ffb\u6848\uff0c\u800c\u5434\u7231\u53ef\u6beb\u4e0d\u72b9\u8c6b\u5730\u7b54\u5e94\u4e86\u3002\n\u4f60\u4ee5\u4e3a\u5434\u7231\u53ef\u662f\u613f\u610f\u4e3a\u4e86\u6b63\u4e49\u800c\u732e\u8eab\u7684\u4eba\uff0c\u7ed3\u679c\u5f53\u5979\u770b\u5230\u8fd9\u4e2a\u6848\u5b50\u7684\u4e25\u91cd\u6027\u540e\u5c31\u9000\u7f29\u4e86\u3002\n\u4f60\u4ee5\u4e3a\u6c5f\u9633\u662f\u660e\u54f2\u4fdd\u8eab\u7684\u4eba\uff0c\u7ed3\u679c\u8fd9\u4e2a\u6848\u5b50\u4ed6\u4e00\u67e5\u5c31\u662f\u5341\u5e74\u3002\n\u4ed6\u7684\u524d\u9014\u4e00\u7247\u5149\u660e\uff0c\u4ed6\u5374\u4e3a\u4e86\u8fd9\u4ef6\u4e8b\u4ed8\u51fa\u4e86\u9752\u6625\u3001\u4e8b\u4e1a\u3001\u540d\u58f0\u3001\u524d\u9014\u3001\u5bb6\u5ead\uff0c\u751a\u81f3\u751f\u547d\u3002\n\u6709\u7684\u4eba\u4e00\u770b\u89c1\u9ed1\u6697\u5c31\u5927\u58f0\u8bf4\u8981\u6253\u5012\u9ed1\u6697\uff0c\u7136\u800c\u4ed6\u6e10\u6e10\u5c31\u4e0d\u542d\u58f0\u4e86\uff1b\n\u6709\u7684\u4eba\u77e5\u9053\u9ed1\u6697\u7684\u53ef\u6015\u4e4b\u5904\uff0c\u4ed6\u66fe\u7ecf\u72b9\u8c6b\u8fc7\uff0c\u52a8\u6447\u8fc7\uff0c\u4f46\u4ed6\u4e00\u5934\u624e\u8fdb\u9ed1\u6697...""}, {""user"": ""\u9ec4\u9752\u8549"", ""start"": ""40"", ""time"": ""2020-09-22 12:04:48"", ""content"": ""\u6bd4\u8d77\u574f\u5c0f\u5b69\uff0c\u8fd9\u90e8\u660e\u663e\u66f4\u96be\u62cd\uff0c\u56e0\u4e3a\u6beb\u65e0\u5598\u606f\u7684\u7a7a\u95f4\uff0c\u5c31\u662f\u6c89\u91cd\uff0c\u6c89\u91cd\uff0c\u62d6\u7740\u53e3\u68fa\u6750\u4e0a\u5c71\u4e00\u6837\u7684\u6c89\u91cd\uff0c\u8d39\u529b\u4e0d\u8ba8\u597d\u3002\u89c2\u8d4f\u6548\u679c\u662f\u4e0d\u53ca\u9690\u79d8\u7684\uff0c\u5c31\u50cf\u65e0\u8bc1\u4e4b\u7f6a\u4e5f\u6253\u4e0d\u8fc7\u767d\u591c\u8ffd\u51f6\u4e00\u6837\uff0c\u4f46\u6709\u4eba\u62cd\u51fa\u6765\u4e86\uff0c\u62cd\u5f97\u8bda\u610f\u5de5\u6574\uff0c\u8fd9\u672c\u8eab\u5c31\u503c\u5f97\u8912\u626c""}]","https://img9.doubanio.com/view/photo/sqxs/public/p2620507754.jpg,https://img9.doubanio.com/view/photo/sqxs/public/p2620439006.jpg",https://vt1.doubanio.com/202305091642/fe3352750e7e77b319fd4f1259b0ed15/view/movie/M/402660048.mp4
4,https://movie.douban.com/subject/1292064/,彼得·威尔,9.4,楚门的世界,"金·凯瑞,劳拉·琳妮,艾德·哈里斯,诺亚·艾默里奇,娜塔莎·麦克艾霍恩",https://img2.doubanio.com/view/photo/s_ratio_poster/public/p479682972.jpg,1998,"剧情,科幻",美国,英语,1998-06-05,103,1669835,"71.8%,24.6%,3.4%,0.2%,0.1%","楚门（金•凯瑞 Jim Carrey 饰）是一个平凡得不能再平凡的人，除了一些有些稀奇的经历之外——初恋女友突然失踪、溺水身亡的父亲忽然似乎又出现在眼前，他和绝大多数30多岁的美国男人绝无异样。这令他倍感失落。他也曾试过离开自己生活了多年的地方，但总因种种理由而不能成行。
                                    
                                　　直到有一天，他忽然发觉自己似乎一直在被人跟踪，无论他走到哪里，干什么事情。这种感觉愈来愈强烈。楚门决定不惜一切代价逃离这个他生活了30多年的地方，去寻找他的初恋女友。
                                    
                                　　但他却发现自己怎样也逃不出去。真相其实很残忍。","[{""user"": ""\u5f71\u5fd7"", ""start"": ""50"", ""time"": ""2005-12-28 01:22:04"", ""content"": ""\u201c\u5982\u679c\u518d\u4e5f\u4e0d\u80fd\u89c1\u5230\u4f60\uff0c\u795d\u4f60\u65e9\u5b89\uff0c\u5348\u5b89\u548c\u665a\u5b89\u3002\u201d""}, {""user"": ""\u4f0a\u5361\u6d1b\u65af"", ""start"": ""50"", ""time"": ""2010-03-25 14:01:04"", ""content"": ""\u4ed6\u7528\u522b\u4eba\u7684\u76f8\u7247\u62fc\u51d1\u51fa\u5979\u7684\u6837\u5b50\uff0c \u5728\u8fd9\u4e2a\u865a\u5047\u7684\uff0c\u51b7\u6f20\u65e0\u60c5\u7684\u4e16\u754c\u91cc\u53ea\u6709\u8fd9\u4efd\u601d\u5ff5\u662f\u552f\u4e00\u7684\u771f\u5b9e""}, {""user"": ""\u7537\u5a3c\u8d77\u4e49"", ""start"": ""40"", ""time"": ""2008-05-20 14:28:07"", ""content"": ""\u6211\u662f\u4e0d\u662f\u4e5f\u5728\u695a\u95e8\u7684\u4e16\u754c\u6d3b\u7740\uff1f""}, {""user"": ""\u670b\u514b\u5e03\u83b1\u514b"", ""start"": ""50"", ""time"": ""2011-07-15 06:16:17"", ""content"": ""\u90a3\u4e2a\u5bfc\u6f14\u597d\u6076\u5fc3\uff0c\u90a3\u7fa4\u89c2\u4f17\u66f4\u6076\u5fc3\uff0c\u53cd\u4e4c\u6258\u90a6\u5c31\u662f\u8981\u53cd\u8fd9\u73ed\u5077\u7aa5\u6210\u72c2\u7684\u4e0a\u5e1d\u3002\u81ea\u7531\u7684\u610f\u5fd7\u662f\u4e0d\u80fd\u4efb\u4eba\u6446\u5e03\u7684\uff0c\u5982\u679c\u6211\u662f\u695a\u95e8\uff0c\u4f46\u613f\u4f60\u6c38\u8fdc\u4e0d\u8981\u8ba9\u6211\u53d1\u73b0\u771f\u76f8\uff0c\u4e0d\u7136\u6211\u5c06\u8bc5\u5492\u4f60\u4eec\u6240\u6709\u4eba\u2014\u2014FUCK OFF, SCREW YOU ALL!""}, {""user"": ""\u8d3e\u4e0d\u8bb8"", ""start"": ""40"", ""time"": ""2008-12-08 16:31:21"", ""content"": ""Good morning, and in case I don't see ya, good afternoon, good evening, and good night!\r\n""}]","https://img9.doubanio.com/view/photo/sqxs/public/p764864325.jpg,https://img2.doubanio.com/view/photo/sqxs/public/p2614864522.jpg,https://img1.doubanio.com/view/photo/sqxs/public/p2614740719.jpg,https://img2.doubanio.com/view/photo/sqxs/public/p1332031501.jpg",https://vt1.doubanio.com/202305091642/0ce7fe82c514d1b867959c2850979f51/view/movie/M/301200999.mp4
5,https://movie.douban.com/subject/30313969/,杨振宇,6.3,斗罗大陆,"肖战,吴宣仪,辰亦儒,邱心志,钟镇涛",https://img9.doubanio.com/view/photo/s_ratio_poster/public/p2578827815.jpg,2021,古装,中国大陆,汉语普通话,2021-02-05,42,846739,"30.1%,18.4%,15.2%,7.8%,28.4%","万中无一的天才少年唐三与酗酒的铁匠父亲唐昊相依为命，唐三渴望母爱，但唐昊始终对妻子之事守口如瓶。直到唐三的双生武魂觉醒，父亲才告诉他只有成为斗罗大陆的至强至勇，拥有强大的实力和内心，才有资格承受母亲的消息。
                                        
                                    　　唐三不忘和父亲的约定，先后在诺丁学苑和史兰客学苑求学，与灵动俏皮的萌妹小舞、彪悍冷峻的星罗王子戴沐白、热衷艺术的辅助系魂师欧思客、清冷的星罗名门少女朱竹清、质朴善良的变异魂师马红俊和七宝琉璃宗小公主宁荣荣，这六个性格各异的天才少年们在冲突和碰撞中不断磨合，组成“史兰客七怪”。唐三始终牢记老师玉小刚“没有废武魂，只有废物魂师”之言，锲而不舍地把废武魂蓝银草修炼精进，风雨无阻，经过一番抽丝剥茧的调查，得知父母和武魂殿的恩怨，却始终不改初心，凭着自己的恒心和实力克服重重困难。
                                        
                                    　　史兰客七怪也在魂师学苑大赛上热血晋级，最终不仅摘得决赛桂冠，站在斗罗大陆巅峰...","[{""user"": ""\u98d8"", ""start"": ""40"", ""time"": ""2021-02-05 12:13:22"", ""content"": ""\n\n                                    \u3000\u3000\u4e07\u4e2d\u65e0\u4e00\u7684\u5929\u624d\u5c11\u5e74\u5510\u4e09\u4e0e\u9157\u9152\u7684\u94c1\u5320\u7236\u4eb2\u5510\u660a\u76f8\u4f9d\u4e3a\u547d\uff0c\u5510\u4e09\u6e34\u671b\u6bcd\u7231\uff0c\u4f46\u5510\u660a\u59cb\u7ec8\u5bf9\u59bb\u5b50\u4e4b\u4e8b\u5b88\u53e3\u5982\u74f6\u3002\u76f4\u5230\u5510\u4e09\u7684\u53cc\u751f\u6b66\u9b42\u89c9\u9192\uff0c\u7236\u4eb2\u624d\u544a\u8bc9\u4ed6\u53ea\u6709\u6210\u4e3a\u6597\u7f57\u5927\u9646\u7684\u81f3\u5f3a\u81f3\u52c7\uff0c\u62e5\u6709\u5f3a\u5927\u7684\u5b9e\u529b\u548c\u5185\u5fc3\uff0c\u624d\u6709\u8d44\u683c\u627f\u53d7\u6bcd\u4eb2\u7684\u6d88\u606f\u3002\n                                        \n                                    \u3000\u3000\u5510\u4e09\u4e0d\u5fd8\u548c\u7236\u4eb2\u7684\u7ea6\u5b9a\uff0c\u5148\u540e\u5728\u8bfa\u4e01\u5b66\u82d1\u548c\u53f2\u5170\u5ba2\u5b66\u82d1\u6c42\u5b66\uff0c\u4e0e\u7075\u52a8\u4fcf\u76ae\u7684\u840c\u59b9\u5c0f\u821e\u3001\u5f6a\u608d\u51b7\u5cfb\u7684\u661f\u7f57\u738b\u5b50\u6234\u6c90\u767d\u3001\u70ed\u8877\u827a\u672f\u7684\u8f85\u52a9\u7cfb\u9b42\u5e08\u6b27\u601d\u5ba2\u3001\u6e05\u51b7\u7684\u661f\u7f57\u540d\u95e8\u5c11\u5973\u6731\u7af9\u6e05\u3001\u8d28\u6734\u5584\u826f\u7684\u53d8\u5f02\u9b42\u5e08\u9a6c\u7ea2\u4fca\u548c\u4e03\u5b9d\u7409\u7483\u5b97\u5c0f\u516c\u4e3b\u5b81\u8363\u8363\uff0c\u8fd9\u516d\u4e2a\u6027\u683c\u5404\u5f02\u7684\u5929\u624d\u5c11\u5e74\u4eec\u5728\u51b2\u7a81\u548c\u78b0\u649e\u4e2d\u4e0d\u65ad\u78e8\u5408\uff0c\u7ec4\u6210\u201c\u53f2\u5170\u5ba2\u4e03\u602a\u201d\u3002\u5510\u4e09\u59cb\u7ec8\u7262\u8bb0\u8001\u5e08\u7389\u5c0f\u521a\u201c\u6ca1\u6709\u5e9f\u6b66\u9b42\uff0c\u53ea\u6709\u5e9f\u7269\u9b42\u5e08\u201d\u4e4b\u8a00\uff0c\u9532\u800c\u4e0d\u820d\u5730\u628a\u5e9f\u6b66\u9b42\u84dd\u94f6\u8349\u4fee\u70bc\u7cbe\u8fdb\uff0c\u98ce\u96e8\u65e0\u963b\uff0c\u7ecf\u8fc7\u4e00\u756a\u62bd\u4e1d\u5265\u8327\u7684\u8c03\u67e5\uff0c\u5f97\u77e5\u7236\u6bcd\u548c\u6b66\u9b42\u6bbf\u7684\u6069\u6028\uff0c\u5374\u59cb\u7ec8\u4e0d\u6539\u521d\u5fc3\uff0c\u51ed\u7740\u81ea\u5df1\u7684\u6052\u5fc3\u548c\u5b9e\u529b\u514b\u670d\u91cd\u91cd\u56f0\u96be\u3002\n                                        \n                                    \u3000\u3000\u53f2\u5170\u5ba2\u4e03\u602a\u4e5f\u5728\u9b42\u5e08\u5b66\u82d1\u5927\u8d5b\u4e0a\u70ed\u8840\u664b\u7ea7\uff0c\u6700\u7ec8\u4e0d\u4ec5\u6458\u5f97\u51b3\u8d5b\u6842\u51a0\uff0c\u7ad9\u5728\u6597\u7f57\u5927\u9646\u5dc5\u5cf0...\n                            \n(\u5c55\u5f00\u5168\u90e8)\n""}, {""user"": ""\u522b\u518d\u8ffd\u6211"", ""start"": ""10"", ""time"": ""2021-02-05 12:28:08"", ""content"": ""\u6211\u6ca1\u6709\u671f\u5f85\uff0c\u53ea\u662f\u56e0\u4e3a\u6211\u670b\u53cb\u4e00\u76f4\u7ed9\u6211\u5b89\u5229\uff0c\u6240\u4ee5\u966a\u7740\u5979\u4e00\u8d77\u770b\u7684\uff0c\u679c\u7136\u6ca1\u6709\u9884\u671f\u5c31\u6ca1\u6709\u5931\u671b\uff0c\u6211\u89c9\u5f97\u8fd8\u633a\u597d\u7684\uff0c\u6211\u5c31\u4e00\u666e\u901a\u89c2\u4f17\uff0c\u5f53\u6210\u4e00\u4e2a\u53e4\u88c5\u5267\u770b\u7740\u611f\u89c9\u8fd8\u884c""}, {""user"": ""\u8c46\u53cb210362020"", ""start"": ""50"", ""time"": ""2021-02-05 12:46:19"", ""content"": ""\u8fd9\u6709\u53ef\u80fd\u662f\u4e00\u90e8\u6bc1\u4e86\u738b\u5026\u53e3\u7891\u7684\u7535\u89c6\u5267""}, {""user"": ""\u84b2\u516c\u82f1\u7684\u7ea6\u5b9a"", ""start"": ""40"", ""time"": ""2021-02-06 09:11:38"", ""content"": ""\u738b\u5026\u5927\u5927\u6539\u7f16\u7684\u5f88\u4e0d\u9519\uff0c\u7b2c\u4e00\u96c6\u7684\u5267\u60c5\u7d27\u51d1\u5185\u5bb9\u4e30\u5bcc\u770b\u7740\u6b32\u7f62\u4e0d\u80fd\uff0c\u6ee4\u955c\u4e5f\u8212\u670d\uff0c\u7279\u6548\u633a\u68d2\uff0c\u4f1a\u7ee7\u7eed\u770b\u7684\u3002""}, {""user"": ""\u656c\u4ead\u5c71"", ""start"": ""30"", ""time"": ""2021-02-05 12:03:18"", ""content"": ""\u6211\u4e00\u76f4\u6bd4\u8f83\u559c\u6b22\u7384\u5e7b\u7c7b\u5c0f\u8bf4\uff0c\u7279\u522b\u662f\u53e4\u88c5\u7684\u3002\u6240\u4ee5\u6597\u7f57\u4e00\u4e0a\u6765\u6211\u5c31\u8feb\u4e0d\u53ca\u5f85\u770b\u4e86\u7b2c\u4e00\u96c6\u3002\u4e2a\u4eba\u8ba4\u4e3a\u6ee4\u955c\u4e0d\u9519\uff0c\u6ca1\u6709\u6211\u8ba8\u538c\u7684\u78e8\u76ae\u7f8e\u989c\u3002\u8282\u594f\u660e\u5feb\u4e0d\u62d6\u6c93\uff0c\u5267\u60c5\u5408\u7406\u4e0d\u65e0\u8111\u3002\u51fa\u573a\u7684\u51e0\u4e2a\u4eba\u7269\u4e5f\u6bd4\u8f83\u62a2\u773c\uff0c\u7279\u522b\u662f\u5510\u4e09\u4ed6\u7238\u548c\u90a3\u4e2a\u9b42\u5e08\uff0c\u4e2a\u4eba\u8ba4\u4e3a\u7279\u522b\u7b26\u5408\u5267\u4e2d\u4eba\u7269\u5f62\u8c61\uff01\u5510\u4e09\u7684\u989c\u503c\u5f88\u53ef\uff0c\u6c14\u8d28\u4e5f\u4e0d\u9519\u3002\u4f46\u662f\u6709\u4e00\u70b9\u6211\u4e0d\u592a\u6ee1\u610f\uff0c\u90a3\u5c31\u662f\u5c11\u5e74\u5510\u4e09\u53ea\u6709\u5341\u51e0\u5c81\u5427\uff01\u80fd\u4e0d\u80fd\u627e\u4e00\u4e2a\u5c0f\u6f14\u5458\u9970\u6f14\u554a\uff01\u8fd9\u5e74\u9f84\u8de8\u5ea6\u6709\u70b9\u592a\u5927\u4e86\u5427\uff01""}]","https://img9.doubanio.com/view/photo/sqxs/public/p2632443954.jpg,https://img9.doubanio.com/view/photo/sqxs/public/p2632443956.jpg,https://img2.doubanio.com/view/photo/sqxs/public/p2632446662.jpg,https://img9.doubanio.com/view/photo/sqxs/public/p2632443955.jpg",https://vt1.doubanio.com/202305091642/86b6ec71122e96339be2a8ef935200ec/view/movie/M/402710656.mp4
6,https://movie.douban.com/subject/35981366/,韦正,8.3,破事精英 第二季,"李佳航,成果,张一铎,刘中秋,屠画",https://img1.doubanio.com/view/photo/s_ratio_poster/public/p2891621839.jpg,2023,"剧情,喜剧",中国大陆,汉语普通话,2023-04-29,56,12330,"40.6%,40.6%,14.8%,1.7%,2.2%",更多破事，更多欢笑，期待7位小伙伴早日回归与大家相见。,"[{""user"": ""\u5317\u4eac\u79c0\u624d"", ""start"": ""40"", ""time"": ""2023-04-29 21:35:06"", ""content"": ""\u51d1\u5408\u6d3b\u7740\uff0c\u7ee7\u7eed\u4e27\u7740\uff0c\u8fd8\u662f\u719f\u6089\u7684\u5473\u9053\uff0c\u6700\u53cd\u5185\u5377\u7684\u90e8\u95e8\uff0c\u5168\u662f\u7cbe\u82f1\uff0c\u81f3\u5c11\uff0c\u4ed6\u4eec\u53f0\u8bcd\u5f88\u884c\u3002""}, {""user"": ""\u5170\u9675"", ""start"": ""50"", ""time"": ""2023-04-30 00:28:43"", ""content"": ""\u7f16\u5267\u548c\u5bfc\u6f14\u60f3\u8981\u8868\u73b0\u7684\u91ce\u5fc3\u66f4\u5927\u4e86\uff0c\u5267\u8bb2\u7684\u5185\u5bb9\u5df2\u7ecf\u4e0d\u4ec5\u4ec5\u662f\u804c\u573a\u4e86\uff0c\u800c\u662f\u5145\u6ee1\u4e86\u5bf9\u4e8e\u73b0\u5b9e\u548c\u672a\u6765\u7684\u53cd\u601d\u3002""}, {""user"": ""."", ""start"": ""50"", ""time"": ""2023-04-29 23:00:05"", ""content"": ""\u6bd4\u7b2c\u4e00\u5b63\u5f3a\u592a\u591a\u4e86\u3002""}, {""user"": ""\u4e24\u5143"", ""start"": ""50"", ""time"": ""2023-04-30 01:09:01"", ""content"": ""\u5fc5\u987b\u7ed95\u661f\uff0c\u672c\u8eab\u5c31\u5bf9\u7231\u60c5\u516c\u5bd3\u6709\u7740\u591a\u5e74\u7684\u60c5\u6000\u56e0\u7d20\uff0c\u518d\u52a0\u7b2c\u4e00\u90e8\u611f\u5b98\u4e0d\u9519\uff0c\u53e6\u5916\u770b\u8fd9\u90e8\u56e0\u4e3a\u6709\u8fc7\u654f\u6027\u9f3b\u708e\uff0c\u56e0\u4e3a\u592a\u641e\u7b11\uff0c\u5dee\u70b9\u6ca1\u628a\u6211\u7ed9\u54b3\u6b7b""}, {""user"": ""Pray"", ""start"": ""40"", ""time"": ""2023-04-30 10:35:06"", ""content"": ""\u7532\u65b9\u90a3\u96c6\u8840\u538b\u8d77\u6765\u4e86\n\u7b2c\u4e03\u96c6\uff0c\u4f69\u670d\u97e6\u6b63\uff0c\u7b2c\u4e00\u6761\u63d0\u793a\u604d\u7136\u5927\u609f""}]","https://img1.doubanio.com/view/photo/sqxs/public/p2891060927.jpg,https://img1.doubanio.com/view/photo/sqxs/public/p2891201959.jpg,https://img1.doubanio.com/view/photo/sqxs/public/p2891060928.jpg,https://img2.doubanio.com/view/photo/sqxs/public/p2891782621.jpg",https://vt1.doubanio.com/202305091642/520a8a680529eb74f0a1694dc7f230e3/view/movie/M/403030692.mp4
7,https://movie.douban.com/subject/1295644/,吕克·贝松,9.4,这个杀手不太冷,"让·雷诺,娜塔莉·波特曼,加里·奥德曼,丹尼·爱罗,彼得·阿佩尔",https://img2.doubanio.com/view/photo/s_ratio_poster/public/p511118051.jpg,1994,"剧情,动作,犯罪","法国,美国","英语,意大利语,法语",1994-09-14,110,2261917,"73.7%,22.7%,3.3%,0.2%,0.1%","里昂（让·雷诺饰）是名孤独的职业杀手，受人雇佣。一天，邻居家小姑娘马蒂尔达（纳塔丽·波特曼饰)敲开他的房门，要求在他那里暂避杀身之祸。原来邻居家的主人是警方缉毒组的眼线，只因贪污了一小包毒品而遭恶警（加里·奥德曼饰）杀害全家的惩罚。马蒂尔达得到里昂的留救，幸免于难，并留在里昂那里。里昂教小女孩使枪，她教里昂法文，两人关系日趋亲密，相处融洽。
                                    
                                　　女孩想着去报仇，反倒被抓，里昂及时赶到，将女孩救回。混杂着哀怨情仇的正邪之战渐次升级，更大的冲突在所难免……","[{""user"": ""\u6c89\u6b4c"", ""start"": ""50"", ""time"": ""2007-10-14 15:39:36"", ""content"": ""\u841d\u8389\u6709\u9897\u5fa1\u59d0\u5fc3\uff0c\u6b63\u592a\u6709\u4e2a\u5927\u53d4\u8eab\u2014\u2014\u90aa\u6076\u53c8\u5929\u771f\u3001\u6b8b\u9177\u53c8\u6e29\u67d4\uff0c\u591a\u5b8c\u7f8e~""}, {""user"": ""\u80fd\u5de5\u5de7\u5320\u6c99\u95e8\u54e5"", ""start"": ""50"", ""time"": ""2007-08-16 10:52:43"", ""content"": ""\u4e00\u534a\u7684\u9b45\u529b\u6765\u81ea\u53cd\u6d3e\uff1aGary Oldman.""}, {""user"": ""\u7720\u53bb"", ""start"": ""50"", ""time"": ""2007-02-10 10:52:10"", ""content"": ""\u5979\u5bf9Leon\u8bf4\uff0c\u81ea\u4ece\u9047\u89c1\u4f60\u540e\uff0c\u6211\u7684\u80c3\uff0c\u518d\u4e5f\u4e0d\u75db\u4e86\u2026\u2026""}, {""user"": ""\u675c\u626cSeatory"", ""start"": ""40"", ""time"": ""2006-10-25 01:38:08"", ""content"": ""\u6211\u5f00\u59cb\u60f3\u8981\u8fc7\u5f97\u5feb\u4e50\uff0c\u7761\u5728\u5e8a\u4e0a\uff0c\u6709\u7275\u6302""}, {""user"": ""\u5927\u5934\u7eff\u8c46"", ""start"": ""50"", ""time"": ""2006-03-19 12:38:36"", ""content"": ""Leon\u7684\u95e8\u6253\u5f00\uff0c\u4e00\u675f\u597d\u8c61\u6765\u81ea\u5929\u5802\u7684\u5149\u7167\u5728Mathilda\u8138\u4e0a\u3002\u7ed9\u4ed6\u5feb\u4e50\uff0c\u4ece\u4e0d\u53d1\u95ee\u3002\u7ec6\u8282\u548c\u5927\u65b9\u5411\u90fd\u5f88\u51fa\u8272\uff0c\u4e00\u90e8\u63a7\u5236\u5f97\u51e0\u4e4e\u5b8c\u7f8e\u7684\u7535\u5f71\u3002""}]","https://img1.doubanio.com/view/photo/sqxs/public/p2581177788.jpg,https://img2.doubanio.com/view/photo/sqxs/public/p511077583.jpg",https://vt1.doubanio.com/202305091642/dc236b0adb3ebafac92884b3509c8bec/view/movie/M/402740019.mp4
8,https://movie.douban.com/subject/1292720/,罗伯特·泽米吉斯,9.5,阿甘正传,"汤姆·汉克斯,罗宾·怀特,加里·西尼斯,麦凯尔泰·威廉逊,莎莉·菲尔德",https://img2.doubanio.com/view/photo/s_ratio_poster/public/p2372307693.jpg,1994,"剧情,爱情",美国,英语,1994-06-23,142,2126431,"77.2%,19.8%,2.6%,0.2%,0.1%","阿甘（汤姆·汉克斯 饰）于二战结束后不久出生在美国南方阿拉巴马州一个闭塞的小镇，他先天弱智，智商只有75，然而他的妈妈是一个性格坚强的女性，她常常鼓励阿甘“傻人有傻福”，要他自强不息。
                                    
                                　　阿甘像普通孩子一样上学，并且认识了一生的朋友和至爱珍妮（罗宾·莱特·潘 饰），在珍妮 和妈妈的爱护下，阿甘凭着上帝赐予的“飞毛腿”开始了一生不停的奔跑。
                                    
                                　　阿甘成为橄榄球巨星、越战英雄、乒乓球外交使者、亿万富翁，但是，他始终忘不了珍妮，几次匆匆的相聚和离别，更是加深了阿甘的思念。
                                    
                                　　有一天，阿甘收到珍妮的信，他们终于又要见面……","[{""user"": ""\u4e9a\u6bd4\u715e"", ""start"": ""40"", ""time"": ""2008-06-16 09:25:37"", ""content"": ""\u4ed6\u7684\u5341\u4e8c\u652f\u8239\uff0c\u6bcf\u4e00\u652f\u90fd\u662f\u5979\u7684\u540d\u5b57\u3002\u5979\u8d70\u540e\uff0c\u4ed6\u53ea\u5f97\u8dd1\u904d\u4e16\u754c\u7684\u6bcf\u4e00\u4e2a\u6e56\u6cca\u548c\u6c99\u6f20\u6765\u601d\u5ff5\u5979\uff0c\u53ea\u7b49\u5979\u4e00\u58f0\u53ec\u5524\u4fbf\u6b7b\u5fc3\u584c\u5730\u7684\u56de\u5230\u5979\u7684\u8eab\u8fb9\u3002\u597d\u83b1\u575e\u7f16\u9020\u4e00\u4e2a\u8fd9\u4e48\u7eaf\u7cb9\u7684\u6545\u4e8b\uff0c\u8ba9\u6211\u4eec\u770b\u5230\u6211\u4eec\u6240\u62e5\u6709\u7684\u611f\u60c5\uff0c\u662f\u591a\u4e48\u7684\u6b8b\u7834\u4e0d\u582a\u3002\u8fd9\u7b80\u76f4\u662f\u6b8b\u5fcd\u7684\uff0c\u4e0d\u9053\u5fb7\u7684\u3002""}, {""user"": ""\u4eca\u5929\u5c0f\u718a\u4e0d\u5403\u7cd6"", ""start"": ""50"", ""time"": ""2008-08-12 06:12:09"", ""content"": ""\u7fa1\u6155\u73cd\u59ae\uff0c\u4e0d\u7ba1\u5979\u591a\u4e48\u53db\u9006\u3001\u843d\u9b44\u3001\u5815\u843d\uff0c\u6c38\u8fdc\u6709\u963f\u7518\u5728\u7b49\u5979\u56de\u6765""}, {""user"": ""\u5f71\u5fd7"", ""start"": ""50"", ""time"": ""2006-02-13 02:13:17"", ""content"": ""\u5988\u5988\u8bf4\uff0c\u751f\u6d3b\u5c31\u50cf\u4e00\u76d2\u5de7\u514b\u529b\u2026\u2026\u8bf7\u4e0d\u8981\u518d\u7eed\u4e0b\u4e00\u53e5\uff0c\u8033\u6735\u542c\u7684\u8d77\u4e86\u8327\u5b50\u3002""}, {""user"": ""\u5a1c\u8389\u68a6\u6e38\u4ed9\u5883"", ""start"": ""50"", ""time"": ""2016-12-09 22:25:37"", ""content"": ""\u50bb\u4eba\u6709\u50bb\u798f\uff0c\u5b9e\u9645\u4e0a\u5e76\u4e0d\u662f\u8fd9\u6837\u7684\u3002\u5728\u6211\u770b\u6765\uff0c\u963f\u7518\u7684\u5988\u5988\u624d\u662f\u6700\u4f1f\u5927\u7684\u4eba\u3002\u5f88\u591a\u666e\u901a\u4eba\u628a\u4f4e\u667a\u5546\u7684\u5b69\u5b50\u65e9\u65e9\u5c31\u653e\u5f03\u4e86\uff0c\u4e0d\u8ba9\u4e0a\u5b66\uff0c\u4e0d\u4e0e\u522b\u4eba\u63a5\u89e6\uff0c\u4e5f\u8bb8\u662f\u4e3a\u4e86\u4fdd\u62a4\u81ea\u5df1\u7684\u5b69\u5b50\uff0c\u4f46\u662f\u8fd9\u6837\u4ee5\u540e\u5b69\u5b50\u5c31\u7b49\u4e8e\u5e9f\u4e86\u2026\u2026""}, {""user"": ""\u6797\u6108\u9759"", ""start"": ""50"", ""time"": ""2006-04-21 21:00:17"", ""content"": ""\u6bcf\u5e74\u770b\u4e00\u904d\uff0c\u6bcf\u5e74\u54ed\u4e00\u904d\uff0c\u770b\u770b\u81ea\u5df1\u5e78\u798f\u8fd8\u662f\u963f\u7518\u5e78\u798f\uff01\u65f6\u95f4\uff1a\u4ece2003\u5f00\u59cb\u6bcf\u5e74\u4e00\u904d""}]","https://img2.doubanio.com/view/photo/sqxs/public/p1484731332.jpg,https://img9.doubanio.com/view/photo/sqxs/public/p1484731424.jpg",https://vt1.doubanio.com/202305091642/cb0d1deb36caf762d20417b6f28d9127/view/movie/M/301600000.mp4
9,https://movie.douban.com/subject/26649682/,田晓鹏,7.3,深海,"苏鑫,王亭文,滕奎兴,杨婷,吉静",https://img1.doubanio.com/view/photo/s_ratio_poster/public/p2885941329.jpg,2023,"动画,奇幻",中国大陆,汉语普通话,2023-01-22,112,394523,"21.8%,34.4%,31.8%,9.1%,3.0%",在大海的最深处，藏着所有秘密。一位现代少女（参宿）误入梦幻的深海世界，却因此邂逅了一段独特的生命旅程。,"[{""user"": ""Devileath.Y"", ""start"": ""50"", ""time"": ""2023-01-22 13:26:10"", ""content"": ""\u6bd4\u6df1\u6d77\u996d\u5e97\u4e0d\u5b58\u5728\u66f4\u8ba9\u4eba\u96be\u8fc7\u7684\uff0c\u662f\u5357\u6cb3\u66fe\u5b58\u5728""}, {""user"": ""chris\u8001\u5708"", ""start"": ""30"", ""time"": ""2023-01-22 14:33:12"", ""content"": ""\u771f\u7684\u4e0d\u5982\u4fe9\u4eba\u4e00\u8d77\u560e\u4e86""}, {""user"": ""\u5fc3\u8df3121\u4e0b"", ""start"": ""40"", ""time"": ""2023-01-22 11:08:59"", ""content"": ""\u6bcf\u4e00\u5e27\u90fd\u662f\u7f8e\u7684\uff0c\u6545\u4e8b\u7acb\u610f\u5f88\u597d\uff0c\u7ed3\u5c3e\u4e0d\u9519\u3002\u4e2d\u9014\u6709\u4e9b\u8584\u5f31\uff0c\u603b\u4f53\u63a8\u8350""}, {""user"": ""\u8c46\u74e3\u8def\u4eba\u5df1"", ""start"": ""30"", ""time"": ""2023-01-22 11:12:08"", ""content"": ""\u5e0c\u671b\u5728\u5e73\u884c\u65f6\u7a7a\uff0c\u80fd\u770b\u5230\u6ca1\u88ab\u8fc7\u5ea6\u4fee\u6539\u7684\u52a8\u753b\u539f\u8c8c\u3002""}, {""user"": ""\u571f\u536b\u516d"", ""start"": ""40"", ""time"": ""2023-01-22 11:14:38"", ""content"": ""\u53d9\u4e8b\u65b9\u5f0f\u592a\u559c\u6b22\u4e86\uff0c\u4f3c\u771f\u4f3c\u5047\u7684\u5e7b\u68a6\u8ba9\u4eba\u731c\u7684\u5230\u4e0d\u662f\u73b0\u5b9e\u5374\u53c8\u731c\u4e0d\u5230\u771f\u6b63\u7684\u73b0\u5b9e\uff0c\u788e\u7247\u62fc\u63a5\u7684\u827a\u672f\u5448\u73b0\u5f88\u6709\u51b2\u51fb\u529b\u3002\n\n\u65e0\u4e0e\u4f26\u6bd4\u7684\u60f3\u8c61\u529b\uff0c\u6291\u90c1\u75c7\u5c0f\u5973\u5b69\u7684\u88ab\u6551\u8d4e\u4e4b\u65c5\uff0c\u7535\u5f71\u662f\u9020\u68a6\u7684\uff0c\u8fd9\u662f\u5b83\u7684\u53ef\u7231\u4e4b\u5904""}]","https://img1.doubanio.com/view/photo/sqxs/public/p2886877257.jpg,https://img2.doubanio.com/view/photo/sqxs/public/p2878145313.jpg,https://img9.doubanio.com/view/photo/sqxs/public/p2878145324.jpg,https://img1.doubanio.com/view/photo/sqxs/public/p2878231508.jpg",https://vt1.doubanio.com/202305091642/6f2b4765189be71044e273cae9094c9d/view/movie/M/402990770.mp4
10,https://movie.douban.com/subject/1889243/,克里斯托弗·诺兰,9.4,星际穿越,"马修·麦康纳,安妮·海瑟薇,杰西卡·查斯坦,麦肯吉·弗依,卡西·阿弗莱克",https://img1.doubanio.com/view/photo/s_ratio_poster/public/p2614988097.jpg,2014,"剧情,科幻,冒险","美国,英国,加拿大",英语,2014-11-12,169,1797468,"74.8%,20.8%,3.7%,0.4%,0.2%",近未来的地球黄沙遍野，小麦、秋葵等基础农作物相继因枯萎病灭绝，人类不再像从前那样仰望星空，放纵想象力和灵感的迸发，而是每日在沙尘暴的肆虐下倒数着所剩不多的光景。在家务农的前NASA宇航员库珀（马修·麦康纳 Matthew McConaughey 饰）接连在女儿墨菲（麦肯吉·弗依 Mackenzie Foy 饰）的书房发现奇怪的重力场现象，随即得知在某个未知区域内前NASA成员仍秘密进行一个拯救人类的计划。多年以前土星附近出现神秘虫洞，NASA借机将数名宇航员派遣到遥远的星系寻找适合居住的星球。在布兰德教授（迈克尔·凯恩 Michael Caine 饰）的劝说下，库珀忍痛告别了女儿，和其他三名专家教授女儿艾米莉亚·布兰德（安妮·海瑟薇 Anne Hathaway 饰）、罗米利（大卫·吉雅西 David Gyasi 饰）、多伊尔（韦斯·本特利 Wes B...,"[{""user"": ""\u6bd4\u5c81\u6708\u542b\u84c4"", ""start"": ""50"", ""time"": ""2014-11-06 23:27:12"", ""content"": ""\n\n                                    \u3000\u3000\u8fd1\u672a\u6765\u7684\u5730\u7403\u9ec4\u6c99\u904d\u91ce\uff0c\u5c0f\u9ea6\u3001\u79cb\u8475\u7b49\u57fa\u7840\u519c\u4f5c\u7269\u76f8\u7ee7\u56e0\u67af\u840e\u75c5\u706d\u7edd\uff0c\u4eba\u7c7b\u4e0d\u518d\u50cf\u4ece\u524d\u90a3\u6837\u4ef0\u671b\u661f\u7a7a\uff0c\u653e\u7eb5\u60f3\u8c61\u529b\u548c\u7075\u611f\u7684\u8ff8\u53d1\uff0c\u800c\u662f\u6bcf\u65e5\u5728\u6c99\u5c18\u66b4\u7684\u8086\u8650\u4e0b\u5012\u6570\u7740\u6240\u5269\u4e0d\u591a\u7684\u5149\u666f\u3002\u5728\u5bb6\u52a1\u519c\u7684\u524dNASA\u5b87\u822a\u5458\u5e93\u73c0\uff08\u9a6c\u4fee\u00b7\u9ea6\u5eb7\u7eb3 Matthew McConaughey \u9970\uff09\u63a5\u8fde\u5728\u5973\u513f\u58a8\u83f2\uff08\u9ea6\u80af\u5409\u00b7\u5f17\u4f9d Mackenzie Foy \u9970\uff09\u7684\u4e66\u623f\u53d1\u73b0\u5947\u602a\u7684\u91cd\u529b\u573a\u73b0\u8c61\uff0c\u968f\u5373\u5f97\u77e5\u5728\u67d0\u4e2a\u672a\u77e5\u533a\u57df\u5185\u524dNASA\u6210\u5458\u4ecd\u79d8\u5bc6\u8fdb\u884c\u4e00\u4e2a\u62ef\u6551\u4eba\u7c7b\u7684\u8ba1\u5212\u3002\u591a\u5e74\u4ee5\u524d\u571f\u661f\u9644\u8fd1\u51fa\u73b0\u795e\u79d8\u866b\u6d1e\uff0cNASA\u501f\u673a\u5c06\u6570\u540d\u5b87\u822a\u5458\u6d3e\u9063\u5230\u9065\u8fdc\u7684\u661f\u7cfb\u5bfb\u627e\u9002\u5408\u5c45\u4f4f\u7684\u661f\u7403\u3002\u5728\u5e03\u5170\u5fb7\u6559\u6388\uff08\u8fc8\u514b\u5c14\u00b7\u51ef\u6069 Michael Caine \u9970\uff09\u7684\u529d\u8bf4\u4e0b\uff0c\u5e93\u73c0\u5fcd\u75db\u544a\u522b\u4e86\u5973\u513f\uff0c\u548c\u5176\u4ed6\u4e09\u540d\u4e13\u5bb6\u6559\u6388\u5973\u513f\u827e\u7c73\u8389\u4e9a\u00b7\u5e03\u5170\u5fb7\uff08\u5b89\u59ae\u00b7\u6d77\u745f\u8587 Anne Hathaway \u9970\uff09\u3001\u7f57\u7c73\u5229\uff08\u5927\u536b\u00b7\u5409\u96c5\u897f David Gyasi \u9970\uff09\u3001\u591a\u4f0a\u5c14\uff08\u97e6\u65af\u00b7\u672c\u7279\u5229 Wes B...\n                            \n(\u5c55\u5f00\u5168\u90e8)\n""}, {""user"": ""\u5f71\u5fd7"", ""start"": ""50"", ""time"": ""2014-11-12 10:28:53"", ""content"": ""\u65f6\u95f4\u53ef\u4ee5\u4f38\u7f29\u548c\u6298\u53e0\uff0c\u552f\u72ec\u4e0d\u80fd\u5012\u9000\u3002\u4f60\u7684\u9e64\u53d1\u6216\u8bb8\u662f\u6211\u7684\u7ae5\u989c\uff0c\u800c\u6211\u4e00\u6b21\u547c\u5438\u80fd\u62b5\u8fc7\u4f60\u6b64\u751f\u7684\u5c81\u6708\u3002""}, {""user"": ""CSUMMERY"", ""start"": ""50"", ""time"": ""2014-11-06 22:17:10"", ""content"": ""\u592a\u58ee\u9614\u4e86\uff0c\u65e0\u4ee5\u8a00\u8868\uff0140'\u6e10\u5165\u4f73\u5883\uff0c80'\u53f9\u4e3a\u89c2\u6b62\uff0c120'\u6cea\u6d41\u6ee1\u9762\uff0c160'\u604d\u5982\u9694\u4e16\u2026\u4e0d\u66fe\u5982\u6b64\u8d34\u8fd1\u6d69\u701a\u661f\u7a7a\uff0c\u88ab\u5b83\u73af\u62b1\uff1b\u4e0d\u66fe\u5982\u6b64\u89e6\u6478\u751f\u547d\u4e4b\u5f26\uff0c\u9041\u5165\u4e94\u7ef4\u5e7b\u5883\u3002\u7455\u4e0d\u63a9\u745c\u7684\u79d1\u5e7b\u795e\u4f5c\uff0c\u5237\u65b0\u89c6\u89c9\u7684IMAX\u4f53\u9a8c\uff0c\u89c2\u5f71\u524d\u6492\u597d\u5c3f\uff0c\u51c6\u5907\u63a5\u53d7\u8fd1\u4e09\u5c0f\u65f6\u7684\u6cea\u817a\u6d17\u793c\u3002\u201c\u7231\u662f\u4e00\u79cd\u529b\u91cf\uff0c\u8ba9\u6211\u4eec\u8d85\u8d8a\u65f6\u7a7a\u611f\u77e5\u5b83\u7684\u5b58\u5728\u201d-\u53d1\u81ea\u8c46\u74e3App""}, {""user"": ""\u6211\u6000\u5ff5\u7684"", ""start"": ""50"", ""time"": ""2014-11-06 21:46:54"", ""content"": ""\u6211\u60f3\u7ed9100\u9897\u661f\uff0c\u8fd9\u53ef\u80fd\u662f\u6211\u81f3\u4eca\u770b\u8fc7\u6700\u4ee4\u6211\u9707\u64bc\u7684\u7535\u5f71\u4e86\u3002\u5230\u7535\u5f71\u7ed3\u675f\u65f6\u5019\u8fd8\u4e0d\u65ad\u6d41\u6cea\uff0c\u5947\u8ff9\u4e0d\u662f\u56e0\u4e3a\u6709\u4e0a\u5e1d \u4e5f\u4e0d\u662f\u6709\u4ec0\u4e48\u4e0d\u53ef\u77e5\u7684 \u67d0\u79cd\u529b\u91cf\uff0c\u6b63\u662f\u6211\u4eec\u81ea\u5df1\uff0c\u4eba\u7c7b\u4e0d\u76f8\u4fe1\u4eba\u7c7b\u7684\u529b\u91cf\u628a\u90a3\u4e9b\u6211\u4eec\u65e0\u53ef\u9884\u77e5\u7684\u5947\u8ff9\u90fd\u8ba4\u4e3a\u662f\u4e0a\u5e1d\u7684\u529f\u52b3\u3002\u82e5\u5170\u628a\u6211\u7684\u4e16\u754c\u89c2\u5982\u6b64\u9707\u64bc\u4eba\u5fc3\u7684\u5c55\u73b0\u51fa\u6765\uff0c\u6211\u611f\u89c9\u6211\u73b0\u5728\u90fd\u6fc0\u52a8\u5f97\u8bed\u65e0\u4f26\u6b21\u4e86""}, {""user"": ""\u5927\u592b\u5510"", ""start"": ""50"", ""time"": ""2014-11-12 17:14:29"", ""content"": ""\u6574\u573a\u57fa\u672c\u5c4f\u4f4f\u547c\u5438,\u77a0\u76ee\u7ed3\u820c,\u65e0\u8bdd\u53ef\u8bf4.\u5728\u9999\u6e2f\u8fd9\u4e48\u591a\u5e74\u9664\u4e86\u7535\u5f71\u8282\u6211\u7b2c\u4e00\u6b21\u78b0\u89c1\u653e\u6620\u7ed3\u675f\u89c2\u4f17\u96c6\u4f53\u9f13\u638c\u7684.\u53bb\u5e74\u770b\u5b8cGravity\u6211\u89c9\u5f97\u592a\u7a7a\u79d1\u5e7b\u7247\u5df2\u7ecf\u62cd\u5230\u5934\u4e86,\u7136\u540eNolan\u5927\u795e\u628a\u6211\u8fd9\u70b9\u773c\u754c\u78be\u538b\u5f97\u7c89\u788e.\u4e09\u4f53\u8ff7\u4e0d\u5fc5\u518d\u8f83\u771f\u62cd\u4e09\u4f53\u8fd9\u4e8bNolan\u5df2\u7ecf\u628a\u540e\u534a\u90e8\u7ed9\u62cd\u4e86.""}]","https://img2.doubanio.com/view/photo/sqxs/public/p2208063011.jpg,https://img9.doubanio.com/view/photo/sqxs/public/p2211063036.jpg",https://vt1.doubanio.com/202305091642/6e214a691432e93962c16baadd3c8089/view/movie/M/402630852.mp4
11,https://movie.douban.com/subject/1291546/,陈凯歌,9.6,霸王别姬,"张国荣,张丰毅,巩俐,葛优,英达",https://img1.doubanio.com/view/photo/s_ratio_poster/public/p2561716440.jpg,1993,"剧情,爱情,同性","中国大陆,中国香港",汉语普通话,1993-07-26,171,2104960,"82.5%,15.3%,1.9%,0.2%,0.1%","段小楼（张丰毅）与程蝶衣（张国荣）是一对打小一起长大的师兄弟，两人一个演生，一个饰旦，一向配合天衣无缝，尤其一出《霸王别姬》，更是誉满京城，为此，两人约定合演一辈子《霸王别姬》。但两人对戏剧与人生关系的理解有本质不同，段小楼深知戏非人生，程蝶衣则是人戏不分。
                                    
                                　　段小楼在认为该成家立业之时迎娶了名妓菊仙（巩俐），致使程蝶衣认定菊仙是可耻的第三者，使段小楼做了叛徒，自此，三人围绕一出《霸王别姬》生出的爱恨情仇战开始随着时代风云的变迁不断升级，终酿成悲剧。","[{""user"": ""phoebe"", ""start"": ""50"", ""time"": ""2007-11-21 20:38:33"", ""content"": ""\u9648\u51ef\u6b4c\u53ef\u4ee5\u9760\u5b83\u5403\u4e24\u8f88\u5b50\u996d\u4e86\uff0c\u73b0\u5728\u770b\u6765\u6c5f\u90ce\u624d\u5c3d\u4e5f\u60c5\u6709\u53ef\u539f""}, {""user"": ""\u6c89\u6b4c"", ""start"": ""50"", ""time"": ""2007-10-14 15:39:21"", ""content"": ""\u4ed6\u7adf\u5f53\u9762\u4e00\u8bed\u70b9\u7834\uff1a\u865e\u59ec\u662f\u771f\u865e\u59ec\uff0c\u9738\u738b\u662f\u5047\u9738\u738b\u3002""}, {""user"": ""\u8682\u8681\u6ca1\u95ee\u9898"", ""start"": ""50"", ""time"": ""2009-07-13 23:47:06"", ""content"": ""\u5c31\u51ed\u8fd9\u4e2a\uff0c\u6211\u613f\u610f\u539f\u8c05\u9648\u51ef\u6b4c\u4e00\u5207\u7684\u70c2\u7247 \u4f60\u53ea\u8981\u4f1f\u5927\u8fc7\u4e00\u6b21\u5c31\u53ef\u4ee5\u4e86 \u5c31\u51ed\u8fd9\u4e2a \u54e5\u54e5\u4f60\u662f\u6211\u5fc3\u4e2d\u6c38\u8fdc\u4e0d\u673d\u7684\u4f20\u5947 \u4f60\u662f\u5168\u4e16\u754c\u6700\u5927\u7684\u89d2\u513f""}, {""user"": ""\u8001\u9e21\uff5c\u6276\u7acb"", ""start"": ""40"", ""time"": ""2008-01-10 16:26:02"", ""content"": ""\u5728\u91ce\u8def\u5b50\u51fa\u8eab\u7684\u5f20\u56fd\u8363\u9762\u524d\uff0c\u5b66\u9662\u51fa\u8eab\u7684\u5f20\u4e30\u6bc5\u663e\u5f97\u90a3\u4e48\u5355\u8584""}, {""user"": ""kingfish"", ""start"": ""50"", ""time"": ""2006-03-22 12:32:08"", ""content"": ""\u4e0d\u89e3,\u62cd\u51fa\u8fc7\u9738\u738b\u522b\u59ec\u7684\u4eba\u600e\u80fd\u62cd\u51fa\u65e0\u6781\u6765""}]","https://img1.doubanio.com/view/photo/sqxs/public/p1665762739.jpg,https://img1.doubanio.com/view/photo/sqxs/public/p2581065129.jpg",https://vt1.doubanio.com/202305091642/28ab048676339a5c93d1563bd55bf2b8/view/movie/M/402390810.mp4
